seed,policy,budget,loss,ack_loss,delay,ticks,useful_packets,usable_value,possible_value,learners_reached,learners,responses_returned,orphan_packets,expired_or_undelivered,in_flight,pending_acks,processes,data_bytes,ack_bytes,dropped_bytes,duplicate_bytes
1,isoko,1024,0.0,0.0,1,48,5,9.57,47.68,5,12,5,0,31,0,3,False,8200,1242,0,2170
1,fifo,1024,0.0,0.0,1,48,4,5.410000000000001,47.68,2,12,2,2,32,0,2,False,8844,1104,0,3381
1,edf,1024,0.0,0.0,1,48,3,3.468,47.68,2,12,2,2,33,0,2,False,7216,874,0,1639
1,risk,1024,0.0,0.0,1,48,6,9.234,47.68,3,12,3,0,30,0,3,False,8833,1196,0,2277
1,density,1024,0.0,0.0,1,48,7,12.56,47.68,6,12,6,0,29,0,4,False,10569,1564,0,2479
1,no_dependencies,1024,0.0,0.0,1,48,6,10.53,47.68,5,12,5,0,30,0,3,False,9202,1380,0,2170
1,no_fairness,1024,0.0,0.0,1,48,5,9.57,47.68,5,12,5,0,31,0,3,False,8201,1242,0,1921
2,isoko,1024,0.0,0.0,1,48,4,8.8,48.06,4,12,4,0,32,0,2,False,8649,1288,0,2672
2,fifo,1024,0.0,0.0,1,48,5,8.328,48.06,4,12,4,0,31,0,1,False,9213,1242,0,2599
2,edf,1024,0.0,0.0,1,48,4,6.618,48.06,3,12,3,0,32,0,0,False,8174,1104,0,2070
2,risk,1024,0.0,0.0,1,48,5,8.354000000000001,48.06,3,12,3,1,31,0,2,False,9067,1196,0,2030
2,density,1024,0.0,0.0,1,48,5,10.98,48.06,5,12,5,1,31,0,2,False,9566,1426,0,2391
2,no_dependencies,1024,0.0,0.0,1,48,4,8.8,48.06,4,12,4,1,32,0,2,False,9483,1288,0,2114
2,no_fairness,1024,0.0,0.0,1,48,4,8.780000000000001,48.06,4,12,4,0,32,0,1,False,7643,1196,0,2418
3,isoko,1024,0.0,0.0,1,48,6,13.65,48.08,6,12,6,0,30,0,3,False,9813,1518,0,2729
3,fifo,1024,0.0,0.0,1,48,4,7.99,48.08,3,12,3,1,32,0,0,False,8114,1104,0,2231
3,edf,1024,0.0,0.0,1,48,3,5.13,48.08,2,12,2,1,33,0,0,False,6481,828,0,824
3,risk,1024,0.0,0.0,1,48,6,11.154,48.08,4,12,4,0,30,0,2,False,8390,1196,0,1640
3,density,1024,0.0,0.0,1,48,6,13.65,48.08,6,12,6,1,30,0,3,False,10859,1656,0,3226
3,no_dependencies,1024,0.0,0.0,1,48,6,13.65,48.08,6,12,6,1,30,0,3,False,10861,1610,0,2729
3,no_fairness,1024,0.0,0.0,1,48,6,13.65,48.08,6,12,6,0,30,0,3,False,9812,1518,0,2977
4,isoko,1024,0.0,0.0,1,48,4,8.56,45.84,4,12,4,0,32,0,1,False,7638,1196,0,1670
4,fifo,1024,0.0,0.0,1,48,3,3.82,45.84,1,12,1,0,33,0,0,False,6725,736,0,1838
4,edf,1024,0.0,0.0,1,48,2,4.2299999999999995,45.84,2,12,2,3,34,0,0,False,7864,1012,0,834
4,risk,1024,0.0,0.0,1,48,3,5.8,45.84,3,12,3,2,33,0,1,False,8872,1196,0,1764
4,density,1024,0.0,0.0,1,48,6,10.943999999999999,45.84,5,12,5,0,30,0,2,False,9279,1426,0,1919
4,no_dependencies,1024,0.0,0.0,1,48,5,9.324,45.84,4,12,4,0,31,0,1,False,8470,1288,0,1670
4,no_fairness,1024,0.0,0.0,1,48,4,8.49,45.84,4,12,4,0,32,0,1,False,7636,1196,0,1918
5,isoko,1024,0.0,0.0,1,48,5,11.68,52.58,5,12,5,0,31,0,3,False,9030,1334,0,2730
5,fifo,1024,0.0,0.0,1,48,5,7.658,52.58,3,12,3,0,31,0,1,False,7674,1058,0,2030
5,edf,1024,0.0,0.0,1,48,3,5.46,52.58,1,12,1,1,33,0,0,False,6407,690,0,278
5,risk,1024,0.0,0.0,1,48,3,5.334,52.58,2,12,2,1,33,0,0,False,6538,920,0,1192
5,density,1024,0.0,0.0,1,48,5,10.086,52.58,4,12,4,1,31,0,1,False,8147,1288,0,1891
5,no_dependencies,1024,0.0,0.0,1,48,5,11.68,52.58,5,12,5,1,31,0,3,False,9778,1426,0,2730
5,no_fairness,1024,0.0,0.0,1,48,5,11.68,52.58,5,12,5,0,31,0,3,False,9030,1334,0,2730
6,isoko,1024,0.0,0.0,1,48,5,11.34,48.160000000000004,5,12,5,0,31,0,2,False,8168,1288,0,1640
6,fifo,1024,0.0,0.0,1,48,2,2.52,48.160000000000004,1,12,1,2,34,0,0,False,5929,782,0,1357
6,edf,1024,0.0,0.0,1,48,1,1.7699999999999998,48.160000000000004,1,12,1,2,35,0,0,False,5139,736,0,1385
6,risk,1024,0.0,0.0,1,48,5,7.42,48.160000000000004,2,12,2,0,31,0,1,False,6953,966,0,2191
6,density,1024,0.0,0.0,1,48,6,13.44,48.160000000000004,6,12,6,0,30,0,3,False,9254,1426,0,2418
6,no_dependencies,1024,0.0,0.0,1,48,5,11.34,48.160000000000004,5,12,5,0,31,0,2,False,8168,1288,0,1640
6,no_fairness,1024,0.0,0.0,1,48,6,13.44,48.160000000000004,6,12,6,0,30,0,3,False,9254,1426,0,2168
7,isoko,1024,0.0,0.0,1,48,5,8.81,42.0,5,12,5,0,31,0,2,False,9227,1380,0,1950
7,fifo,1024,0.0,0.0,1,48,5,4.378,42.0,2,12,2,0,31,0,0,False,8231,1104,0,2910
7,edf,1024,0.0,0.0,1,48,5,4.556,42.0,2,12,2,1,31,0,1,False,8851,1012,0,836
7,risk,1024,0.0,0.0,1,48,6,6.820000000000001,42.0,2,12,2,0,30,0,1,False,9067,1104,0,2089
7,density,1024,0.0,0.0,1,48,6,10.65,42.0,6,12,6,1,30,0,3,False,10502,1610,0,2728
7,no_dependencies,1024,0.0,0.0,1,48,5,8.81,42.0,5,12,5,1,31,0,2,False,9915,1472,0,1950
7,no_fairness,1024,0.0,0.0,1,48,5,8.88,42.0,5,12,5,0,31,0,2,False,9227,1380,0,2449
8,isoko,1024,0.0,0.0,1,48,6,11.92,45.32,6,12,6,0,30,0,4,False,10068,1518,0,2728
8,fifo,1024,0.0,0.0,1,48,1,1.32,45.32,1,12,1,2,35,0,0,False,7960,736,0,2190
8,edf,1024,0.0,0.0,1,48,1,1.32,45.32,1,12,1,2,35,0,0,False,7418,736,0,528
8,risk,1024,0.0,0.0,1,48,5,8.442,45.32,4,12,4,1,31,0,2,False,9253,1242,0,1363
8,density,1024,0.0,0.0,1,48,6,10.632,45.32,5,12,5,0,30,0,2,False,9867,1564,0,2949
8,no_dependencies,1024,0.0,0.0,1,48,7,12.672,45.32,6,12,6,0,29,0,4,False,10704,1610,0,2728
8,no_fairness,1024,0.0,0.0,1,48,5,9.88,45.32,5,12,5,0,31,0,2,False,9231,1472,0,2699
9,isoko,1024,0.0,0.0,1,48,6,11.49,47.06,6,12,6,0,30,0,4,False,10092,1472,0,3006
9,fifo,1024,0.0,0.0,1,48,3,5.1899999999999995,47.06,3,12,3,3,33,0,1,False,9369,1288,0,3300
9,edf,1024,0.0,0.0,1,48,1,2.05,47.06,1,12,1,2,35,0,0,False,5936,644,0,1362
9,risk,1024,0.0,0.0,1,48,4,6.782,47.06,3,12,3,2,32,0,1,False,8755,1334,0,2462
9,density,1024,0.0,0.0,1,48,6,10.95,47.06,5,12,5,0,30,0,2,False,9792,1564,0,2976
9,no_dependencies,1024,0.0,0.0,1,48,7,12.31,47.06,6,12,6,0,29,0,4,False,10630,1564,0,3006
9,no_fairness,1024,0.0,0.0,1,48,5,10.129999999999999,47.06,5,12,5,0,31,0,2,False,9253,1426,0,2726
10,isoko,1024,0.0,0.0,1,48,5,9.79,43.46,5,12,5,0,31,0,2,False,8483,1334,0,2200
10,fifo,1024,0.0,0.0,1,48,5,6.859999999999999,43.46,3,12,3,0,31,0,2,False,9074,1196,0,2834
10,edf,1024,0.0,0.0,1,48,3,4.752,43.46,2,12,2,1,33,0,0,False,6559,874,0,834
10,risk,1024,0.0,0.0,1,48,4,5.67,43.46,2,12,2,1,32,0,1,False,8574,1104,0,2638
10,density,1024,0.0,0.0,1,48,6,11.799999999999999,43.46,6,12,6,1,30,0,3,False,10339,1564,0,2450
10,no_dependencies,1024,0.0,0.0,1,48,5,9.79,43.46,5,12,5,1,31,0,2,False,9531,1426,0,2200
10,no_fairness,1024,0.0,0.0,1,48,6,11.799999999999999,43.46,6,12,6,0,30,0,3,False,9291,1426,0,2200
11,isoko,1024,0.0,0.0,1,48,6,12.72,49.14,6,12,6,0,30,0,4,False,10316,1518,0,2729
11,fifo,1024,0.0,0.0,1,48,2,1.54,49.14,1,12,1,2,34,0,0,False,7125,782,0,1360
11,edf,1024,0.0,0.0,1,48,0,0,49.14,0,12,0,2,36,0,0,False,6621,552,0,1820
11,risk,1024,0.0,0.0,1,48,3,6.0,49.14,1,12,1,2,33,0,1,False,9416,1012,0,2376
11,density,1024,0.0,0.0,1,48,6,12.870000000000001,49.14,6,12,6,0,30,0,3,False,10345,1610,0,3008
11,no_dependencies,1024,0.0,0.0,1,48,6,12.72,49.14,6,12,6,0,30,0,4,False,10316,1518,0,2729
11,no_fairness,1024,0.0,0.0,1,48,5,10.56,49.14,5,12,5,0,31,0,2,False,9479,1426,0,2450
12,isoko,1024,0.0,0.0,1,48,6,13.21,50.84,6,12,6,0,30,0,4,False,10069,1426,0,2479
12,fifo,1024,0.0,0.0,1,48,5,8.13,50.84,3,12,3,1,31,0,1,False,9015,1288,0,2638
12,edf,1024,0.0,0.0,1,48,4,6.156000000000001,50.84,3,12,3,0,32,0,0,False,7294,966,0,1112
12,risk,1024,0.0,0.0,1,48,3,4.346,50.84,2,12,2,1,33,0,0,False,7322,874,0,1124
12,density,1024,0.0,0.0,1,48,6,13.360000000000001,50.84,6,12,6,0,30,0,4,False,10381,1472,0,2729
12,no_dependencies,1024,0.0,0.0,1,48,6,13.21,50.84,6,12,6,0,30,0,4,False,10382,1426,0,2479
12,no_fairness,1024,0.0,0.0,1,48,6,13.21,50.84,6,12,6,0,30,0,4,False,10069,1426,0,2479
13,isoko,1024,0.0,0.0,1,48,5,12.07,50.9,5,12,5,0,31,0,2,False,8731,1426,0,2700
13,fifo,1024,0.0,0.0,1,48,3,5.144,50.9,2,12,2,0,33,0,1,False,7751,1012,0,2070
13,edf,1024,0.0,0.0,1,48,2,2.6740000000000004,50.9,1,12,1,1,34,0,0,False,5921,782,0,846
13,risk,1024,0.0,0.0,1,48,5,8.728,50.9,3,12,3,1,31,0,2,False,8788,1150,0,2298
13,density,1024,0.0,0.0,1,48,6,13.49,50.9,6,12,6,1,30,0,3,False,10334,1564,0,2698
13,no_dependencies,1024,0.0,0.0,1,48,5,12.07,50.9,5,12,5,1,31,0,2,False,9779,1518,0,2700
13,no_fairness,1024,0.0,0.0,1,48,6,13.49,50.9,6,12,6,0,30,0,3,False,9287,1472,0,2699
14,isoko,1024,0.0,0.0,1,48,6,13.16,48.7,6,12,6,0,30,0,3,False,9005,1380,0,1922
14,fifo,1024,0.0,0.0,1,48,4,7.412,48.7,3,12,3,2,32,0,2,False,8081,1104,0,2677
14,edf,1024,0.0,0.0,1,48,3,3.1399999999999997,48.7,1,12,1,0,33,0,0,False,4594,552,0,556
14,risk,1024,0.0,0.0,1,48,4,7.029999999999999,48.7,2,12,2,1,32,0,0,False,5838,874,0,1490
14,density,1024,0.0,0.0,1,48,6,13.16,48.7,6,12,6,0,30,0,3,False,9281,1426,0,2447
14,no_dependencies,1024,0.0,0.0,1,48,6,13.16,48.7,6,12,6,0,30,0,3,False,9005,1380,0,1922
14,no_fairness,1024,0.0,0.0,1,48,6,13.16,48.7,6,12,6,0,30,0,3,False,9281,1426,0,2447
15,isoko,1024,0.0,0.0,1,48,6,12.68,50.339999999999996,6,12,6,0,30,0,4,False,10067,1518,0,2728
15,fifo,1024,0.0,0.0,1,48,3,4.998,50.339999999999996,2,12,2,2,33,0,1,False,7854,966,0,2021
15,edf,1024,0.0,0.0,1,48,2,3.234,50.339999999999996,1,12,1,1,34,0,0,False,6097,736,0,1262
15,risk,1024,0.0,0.0,1,48,5,9.458,50.339999999999996,2,12,2,2,31,0,1,False,8595,1196,0,2512
15,density,1024,0.0,0.0,1,48,7,13.734,50.339999999999996,6,12,6,0,29,0,4,False,10605,1610,0,2978
15,no_dependencies,1024,0.0,0.0,1,48,7,13.204,50.339999999999996,6,12,6,0,29,0,4,False,10605,1610,0,2728
15,no_fairness,1024,0.0,0.0,1,48,6,13.209999999999999,50.339999999999996,6,12,6,0,30,0,4,False,10067,1518,0,2978
16,isoko,1024,0.0,0.0,1,48,5,12.04,47.28,5,12,5,0,31,0,2,False,8171,1196,0,1641
16,fifo,1024,0.0,0.0,1,48,3,5.24,47.28,1,12,1,2,33,0,0,False,6398,782,0,1932
16,edf,1024,0.0,0.0,1,48,4,5.8740000000000006,47.28,3,12,3,0,32,0,0,False,7099,920,0,1668
16,risk,1024,0.0,0.0,1,48,5,10.068,47.28,3,12,3,1,31,0,2,False,8490,1196,0,2646
16,density,1024,0.0,0.0,1,48,5,12.04,47.28,5,12,5,0,31,0,2,False,8448,1288,0,2418
16,no_dependencies,1024,0.0,0.0,1,48,5,12.04,47.28,5,12,5,0,31,0,2,False,8171,1196,0,1641
16,no_fairness,1024,0.0,0.0,1,48,5,12.04,47.28,5,12,5,0,31,0,2,False,8448,1242,0,1918
17,isoko,1024,0.0,0.0,1,48,6,12.51,48.08,6,12,6,0,30,0,4,False,10069,1472,0,2979
17,fifo,1024,0.0,0.0,1,48,4,5.0,48.08,2,12,2,3,32,0,2,False,8848,966,0,1814
17,edf,1024,0.0,0.0,1,48,2,2.9400000000000004,48.08,1,12,1,3,34,0,0,False,7576,874,0,1360
17,risk,1024,0.0,0.0,1,48,4,7.65,48.08,3,12,3,2,32,0,2,False,9636,1288,0,2814
17,density,1024,0.0,0.0,1,48,7,13.262,48.08,6,12,6,0,29,0,3,False,10107,1610,0,2729
17,no_dependencies,1024,0.0,0.0,1,48,7,13.122,48.08,6,12,6,0,29,0,4,False,10607,1564,0,2979
17,no_fairness,1024,0.0,0.0,1,48,6,12.65,48.08,6,12,6,0,30,0,3,False,9819,1518,0,2729
18,isoko,1024,0.0,0.0,1,48,5,10.43,48.06,5,12,5,0,31,0,2,False,8447,1334,0,1919
18,fifo,1024,0.0,0.0,1,48,3,4.322,48.06,2,12,2,2,33,0,2,False,7379,828,0,2006
18,edf,1024,0.0,0.0,1,48,2,2.212,48.06,1,12,1,2,34,0,2,False,5212,552,0,279
18,risk,1024,0.0,0.0,1,48,5,7.452,48.06,2,12,2,0,31,0,2,False,6927,920,0,1917
18,density,1024,0.0,0.0,1,48,5,10.43,48.06,5,12,5,0,31,0,2,False,8723,1380,0,2945
18,no_dependencies,1024,0.0,0.0,1,48,5,10.43,48.06,5,12,5,0,31,0,2,False,8447,1334,0,1919
18,no_fairness,1024,0.0,0.0,1,48,5,10.43,48.06,5,12,5,0,31,0,2,False,8724,1380,0,2446
19,isoko,1024,0.0,0.0,1,48,4,7.93,44.5,4,12,4,0,32,0,1,False,8164,1288,0,2447
19,fifo,1024,0.0,0.0,1,48,4,4.62,44.5,2,12,2,1,32,0,1,False,8724,1058,0,2619
19,edf,1024,0.0,0.0,1,48,3,4.859999999999999,44.5,3,12,3,1,33,0,0,False,7883,1150,0,1390
19,risk,1024,0.0,0.0,1,48,1,1.32,44.5,1,12,1,3,35,0,0,False,7449,736,0,802
19,density,1024,0.0,0.0,1,48,6,10.808,44.5,5,12,5,0,30,0,2,False,9454,1472,0,2697
19,no_dependencies,1024,0.0,0.0,1,48,5,8.458,44.5,4,12,4,0,31,0,1,False,8896,1380,0,2447
19,no_fairness,1024,0.0,0.0,1,48,5,10.280000000000001,44.5,5,12,5,0,31,0,2,False,8722,1380,0,2697
20,isoko,1024,0.0,0.0,1,48,7,13.82,43.78,7,12,7,0,29,0,4,False,9539,1472,0,1643
20,fifo,1024,0.0,0.0,1,48,4,5.804,43.78,3,12,3,1,32,0,0,False,7009,1058,0,1880
20,edf,1024,0.0,0.0,1,48,2,2.96,43.78,2,12,2,1,34,0,1,False,6961,828,0,1114
20,risk,1024,0.0,0.0,1,48,4,6.26,43.78,2,12,2,0,32,0,1,False,6624,920,0,2250
20,density,1024,0.0,0.0,1,48,7,13.82,43.78,7,12,6,0,29,0,4,False,9536,1472,0,2419
20,no_dependencies,1024,0.0,0.0,1,48,7,13.82,43.78,7,12,7,0,29,0,4,False,9539,1472,0,1643
20,no_fairness,1024,0.0,0.0,1,48,7,13.82,43.78,7,12,6,0,29,0,4,False,9537,1472,0,2170
1,isoko,1024,0.2,0.2,1,48,2,4.470000000000001,47.68,2,12,2,0,34,0,1,False,8329,874,3015,1640
1,fifo,1024,0.2,0.2,1,48,0,0,47.68,0,12,0,3,36,0,0,False,7460,552,2054,1563
1,edf,1024,0.2,0.2,1,48,3,3.958,47.68,2,12,2,0,33,0,0,False,8571,966,1463,2472
1,risk,1024,0.2,0.2,1,48,3,4.8,47.68,1,12,1,1,33,0,0,False,7967,782,2830,1066
1,density,1024,0.2,0.2,1,48,2,3.9699999999999998,47.68,2,12,2,0,34,0,0,False,8044,782,3442,1334
1,no_dependencies,1024,0.2,0.2,1,48,2,4.470000000000001,47.68,2,12,2,0,34,0,1,False,8598,874,3284,1640
1,no_fairness,1024,0.2,0.2,1,48,2,4.619999999999999,47.68,2,12,2,0,34,0,0,False,7496,828,2470,1056
2,isoko,1024,0.2,0.2,1,48,5,11.030000000000001,48.06,5,12,5,0,31,0,4,False,9232,1150,1428,2113
2,fifo,1024,0.2,0.2,1,48,3,4.938,48.06,2,12,2,0,33,0,1,False,7985,828,916,2040
2,edf,1024,0.2,0.2,1,48,4,5.838,48.06,2,12,2,0,32,0,1,False,8655,782,1862,1262
2,risk,1024,0.2,0.2,1,48,5,10.346,48.06,4,12,4,1,31,0,3,False,10124,1104,2164,1363
2,density,1024,0.2,0.2,1,48,5,11.290000000000001,48.06,5,12,5,1,31,0,4,False,10401,1242,1519,1891
2,no_dependencies,1024,0.2,0.2,1,48,5,11.030000000000001,48.06,5,12,4,1,31,0,3,False,10067,1196,1474,1835
2,no_fairness,1024,0.2,0.2,1,48,5,11.030000000000001,48.06,5,12,5,0,31,0,4,False,9534,1150,1723,2168
3,isoko,1024,0.2,0.2,1,48,5,12.16,48.08,5,12,4,0,31,0,3,False,9753,1150,2465,1861
3,fifo,1024,0.2,0.2,1,48,3,5.13,48.08,2,12,2,1,33,0,2,False,8286,644,2309,1174
3,edf,1024,0.2,0.2,1,48,3,5.3580000000000005,48.08,2,12,2,0,33,0,0,False,6497,690,1528,1083
3,risk,1024,0.2,0.2,1,48,4,8.623999999999999,48.08,3,12,2,0,32,0,1,False,7831,782,2483,1054
3,density,1024,0.2,0.2,1,48,4,9.969999999999999,48.08,4,12,4,0,32,0,3,False,10242,1196,2680,2638
3,no_dependencies,1024,0.2,0.2,1,48,5,12.16,48.08,5,12,4,0,31,0,3,False,10801,1196,2989,1861
3,no_fairness,1024,0.2,0.2,1,48,4,9.9,48.08,4,12,4,0,32,0,2,False,8946,1104,2186,2110
4,isoko,1024,0.2,0.2,1,48,4,8.56,45.84,4,12,4,0,32,0,1,False,7638,1104,990,1113
4,fifo,1024,0.2,0.2,1,48,1,1.91,45.84,1,12,1,0,35,0,0,False,7431,644,1722,1588
4,edf,1024,0.2,0.2,1,48,2,4.2299999999999995,45.84,2,12,2,2,34,0,0,False,7981,920,1472,556
4,risk,1024,0.2,0.2,1,48,2,4.11,45.84,2,12,2,1,34,0,0,False,7734,966,1518,1206
4,density,1024,0.2,0.2,1,48,6,10.943999999999999,45.84,5,12,4,0,30,0,2,False,9558,1380,1037,1919
4,no_dependencies,1024,0.2,0.2,1,48,5,9.324,45.84,4,12,4,0,31,0,1,False,8470,1196,1036,1113
4,no_fairness,1024,0.2,0.2,1,48,4,8.49,45.84,4,12,4,0,32,0,2,False,7915,1104,944,1640
5,isoko,1024,0.2,0.2,1,48,5,10.916,52.58,4,12,4,0,31,0,2,False,8682,1150,1554,1894
5,fifo,1024,0.2,0.2,1,48,5,7.658,52.58,3,12,3,0,31,0,1,False,9035,1058,1702,1864
5,edf,1024,0.2,0.2,1,48,2,3.822,52.58,1,12,1,1,34,0,0,False,7185,690,1224,528
5,risk,1024,0.2,0.2,1,48,3,6.23,52.58,2,12,2,2,33,0,0,False,7833,1012,1464,1124
5,density,1024,0.2,0.2,1,48,4,8.226,52.58,3,12,3,0,32,0,1,False,8590,1104,1927,1863
5,no_dependencies,1024,0.2,0.2,1,48,5,10.916,52.58,4,12,4,0,31,0,2,False,9430,1196,1928,1894
5,no_fairness,1024,0.2,0.2,1,48,5,10.916,52.58,4,12,4,0,31,0,2,False,8681,1150,1554,1893
6,isoko,1024,0.2,0.2,1,48,4,9.07,48.160000000000004,4,12,3,0,32,0,2,False,8748,1150,1636,2196
6,fifo,1024,0.2,0.2,1,48,3,3.6,48.160000000000004,1,12,1,2,33,0,2,False,7161,782,1036,1663
6,edf,1024,0.2,0.2,1,48,1,1.7699999999999998,48.160000000000004,1,12,1,2,35,0,2,False,6251,644,1296,1385
6,risk,1024,0.2,0.2,1,48,3,4.9,48.160000000000004,1,12,1,0,33,0,0,False,6056,736,1084,2430
6,density,1024,0.2,0.2,1,48,4,9.54,48.160000000000004,4,12,4,0,32,0,2,False,8167,1104,1238,2141
6,no_dependencies,1024,0.2,0.2,1,48,4,9.07,48.160000000000004,4,12,3,0,32,0,2,False,8748,1150,1636,2196
6,no_fairness,1024,0.2,0.2,1,48,4,9.54,48.160000000000004,4,12,4,0,32,0,2,False,8167,1104,1192,1891
7,isoko,1024,0.2,0.2,1,48,5,9.82,42.0,5,12,4,0,31,0,3,False,9981,1150,2241,1673
7,fifo,1024,0.2,0.2,1,48,3,2.6,42.0,1,12,1,1,33,0,0,False,7623,690,2178,1482
7,edf,1024,0.2,0.2,1,48,3,3.686,42.0,2,12,2,3,33,0,0,False,8234,1012,971,1114
7,risk,1024,0.2,0.2,1,48,0,0,42.0,0,12,0,2,36,0,0,False,7835,552,3128,1625
7,density,1024,0.2,0.2,1,48,5,10.19,42.0,5,12,5,0,31,0,4,False,10348,1104,3094,1613
7,no_dependencies,1024,0.2,0.2,1,48,5,9.82,42.0,5,12,4,0,31,0,3,False,10325,1150,2585,1673
7,no_fairness,1024,0.2,0.2,1,48,5,10.19,42.0,5,12,5,0,31,0,4,False,10004,1104,2500,1613
8,isoko,1024,0.2,0.2,1,48,4,8.600000000000001,45.32,4,12,4,0,32,0,3,False,9454,1196,1535,2671
8,fifo,1024,0.2,0.2,1,48,3,2.64,45.32,1,12,0,0,33,0,1,False,8562,644,1762,1668
8,edf,1024,0.2,0.2,1,48,2,3.6400000000000006,45.32,2,12,2,2,34,0,0,False,8268,874,1823,1421
8,risk,1024,0.2,0.2,1,48,4,6.84,45.32,3,12,3,1,32,0,2,False,10187,1058,2563,1796
8,density,1024,0.2,0.2,1,48,5,9.702,45.32,4,12,4,0,31,0,3,False,10059,1242,1942,2643
8,no_dependencies,1024,0.2,0.2,1,48,5,9.352,45.32,4,12,4,0,31,0,3,False,10090,1288,1535,2671
8,no_fairness,1024,0.2,0.2,1,48,4,8.95,45.32,4,12,4,0,32,0,3,False,9423,1150,1784,2393
9,isoko,1024,0.2,0.2,1,48,5,9.44,47.06,5,12,5,0,31,0,5,False,9785,1242,1054,2977
9,fifo,1024,0.2,0.2,1,48,2,3.14,47.06,2,12,2,2,34,0,0,False,8608,966,1954,2197
9,edf,1024,0.2,0.2,1,48,0,0,47.06,0,12,0,2,36,0,0,False,5601,322,1445,584
9,risk,1024,0.2,0.2,1,48,2,3.94,47.06,2,12,2,0,34,0,1,False,8548,828,2989,1648
9,density,1024,0.2,0.2,1,48,5,10.74,47.06,5,12,4,1,31,0,4,False,10069,1426,1053,3504
9,no_dependencies,1024,0.2,0.2,1,48,5,9.44,47.06,5,12,5,1,31,0,5,False,10323,1334,1054,2977
9,no_fairness,1024,0.2,0.2,1,48,5,10.74,47.06,5,12,4,0,31,0,4,False,9531,1242,1053,3005
10,isoko,1024,0.2,0.2,1,48,4,7.89,43.46,4,12,4,0,32,0,2,False,8479,1196,1036,2198
10,fifo,1024,0.2,0.2,1,48,2,3.4699999999999998,43.46,2,12,2,0,34,0,1,False,7968,874,1602,2082
10,edf,1024,0.2,0.2,1,48,1,1.49,43.46,1,12,1,1,35,0,0,False,6280,598,2106,250
10,risk,1024,0.2,0.2,1,48,4,5.67,43.46,2,12,2,0,32,0,0,False,8574,966,1589,1665
10,density,1024,0.2,0.2,1,48,5,9.9,43.46,5,12,4,0,31,0,2,False,10030,1334,1561,2171
10,no_dependencies,1024,0.2,0.2,1,48,4,7.89,43.46,4,12,4,0,32,0,2,False,9527,1242,1560,2198
10,no_fairness,1024,0.2,0.2,1,48,5,9.9,43.46,5,12,4,0,31,0,2,False,8732,1242,1037,1921
11,isoko,1024,0.2,0.2,1,48,5,10.45,49.14,5,12,5,0,31,0,3,False,9782,1288,1192,2449
11,fifo,1024,0.2,0.2,1,48,1,1.1,49.14,1,12,1,1,35,0,0,False,6813,644,1652,778
11,edf,1024,0.2,0.2,1,48,0,0,49.14,0,12,0,2,36,0,0,False,6083,414,758,988
11,risk,1024,0.2,0.2,1,48,1,2.42,49.14,1,12,1,1,35,0,1,False,8608,506,2292,1284
11,density,1024,0.2,0.2,1,48,6,12.870000000000001,49.14,6,12,5,0,30,0,3,False,10649,1564,1080,3286
11,no_dependencies,1024,0.2,0.2,1,48,5,10.45,49.14,5,12,5,0,31,0,3,False,9782,1288,1192,2449
11,no_fairness,1024,0.2,0.2,1,48,5,10.56,49.14,5,12,5,0,31,0,3,False,10340,1380,1330,2757
12,isoko,1024,0.2,0.2,1,48,6,13.21,50.84,6,12,6,0,30,0,2,False,10597,1334,2251,1393
12,fifo,1024,0.2,0.2,1,48,4,8.07,50.84,4,12,4,1,32,0,2,False,9659,1104,2526,1864
12,edf,1024,0.2,0.2,1,48,4,6.156000000000001,50.84,3,12,3,0,32,0,0,False,7850,966,1308,1112
12,risk,1024,0.2,0.2,1,48,3,4.346,50.84,2,12,2,0,33,0,0,False,7254,828,502,1056
12,density,1024,0.2,0.2,1,48,6,13.360000000000001,50.84,6,12,6,0,30,0,4,False,10596,1288,2001,1643
12,no_dependencies,1024,0.2,0.2,1,48,6,13.21,50.84,6,12,6,0,30,0,2,False,10597,1334,2251,1393
12,no_fairness,1024,0.2,0.2,1,48,6,13.21,50.84,6,12,6,0,30,0,2,False,10597,1334,2251,1393
13,isoko,1024,0.2,0.2,1,48,4,9.56,50.9,4,12,4,0,32,0,1,False,8422,1150,1521,1861
13,fifo,1024,0.2,0.2,1,48,2,2.6740000000000004,50.9,1,12,1,0,34,0,0,False,6384,736,495,1512
13,edf,1024,0.2,0.2,1,48,2,2.6740000000000004,50.9,1,12,1,1,34,0,0,False,5967,598,971,278
13,risk,1024,0.2,0.2,1,48,4,7.704000000000001,50.9,3,12,3,1,32,0,1,False,9284,1104,1426,2285
13,density,1024,0.2,0.2,1,48,4,9.56,50.9,4,12,4,1,32,0,2,False,9523,1242,1333,2446
13,no_dependencies,1024,0.2,0.2,1,48,4,9.56,50.9,4,12,4,1,32,0,1,False,9470,1242,1567,1861
13,no_fairness,1024,0.2,0.2,1,48,4,9.56,50.9,4,12,4,0,32,0,2,False,8476,1150,1287,2446
14,isoko,1024,0.2,0.2,1,48,3,6.76,48.7,3,12,3,0,33,0,1,False,7108,966,1257,1668
14,fifo,1024,0.2,0.2,1,48,2,4.640000000000001,48.7,2,12,2,1,34,0,1,False,6725,736,1396,2118
14,edf,1024,0.2,0.2,1,48,2,3.69,48.7,2,12,2,1,34,0,2,False,6496,690,1302,1392
14,risk,1024,0.2,0.2,1,48,3,5.612,48.7,2,12,2,1,33,0,1,False,6741,782,1422,1981
14,density,1024,0.2,0.2,1,48,3,6.76,48.7,3,12,3,0,33,0,1,False,6830,874,1460,1390
14,no_dependencies,1024,0.2,0.2,1,48,3,6.76,48.7,3,12,3,0,33,0,1,False,7108,966,1257,1668
14,no_fairness,1024,0.2,0.2,1,48,3,6.76,48.7,3,12,3,0,33,0,1,False,6830,920,1211,1639
15,isoko,1024,0.2,0.2,1,48,4,8.3,50.339999999999996,4,12,3,0,32,0,3,False,8393,874,2427,1362
15,fifo,1024,0.2,0.2,1,48,0,0,50.339999999999996,0,12,0,3,36,0,0,False,6388,506,1409,1602
15,edf,1024,0.2,0.2,1,48,3,4.7940000000000005,50.339999999999996,2,12,2,0,33,0,0,False,7225,690,1554,1201
15,risk,1024,0.2,0.2,1,48,0,0,50.339999999999996,0,12,0,5,36,0,0,False,6657,598,1843,1226
15,density,1024,0.2,0.2,1,48,5,9.104,50.339999999999996,4,12,3,0,31,0,4,False,10013,1012,3056,1861
15,no_dependencies,1024,0.2,0.2,1,48,5,8.824,50.339999999999996,4,12,3,0,31,0,3,False,8931,966,2427,1362
15,no_fairness,1024,0.2,0.2,1,48,3,6.57,50.339999999999996,3,12,3,0,33,0,3,False,8667,828,3027,1861
16,isoko,1024,0.2,0.2,1,48,4,10.14,47.28,4,12,4,0,32,0,1,False,8699,1058,1935,1362
16,fifo,1024,0.2,0.2,1,48,3,5.24,47.28,1,12,1,1,33,0,0,False,7032,690,1866,1300
16,edf,1024,0.2,0.2,1,48,3,4.104,47.28,2,12,2,0,33,0,0,False,7125,644,1700,834
16,risk,1024,0.2,0.2,1,48,3,6.34,47.28,2,12,2,0,33,0,1,False,8624,828,2952,1336
16,density,1024,0.2,0.2,1,48,4,10.14,47.28,4,12,4,0,32,0,1,False,9012,1150,1843,1861
16,no_dependencies,1024,0.2,0.2,1,48,4,10.14,47.28,4,12,4,0,32,0,1,False,9013,1104,1935,1362
16,no_fairness,1024,0.2,0.2,1,48,4,10.14,47.28,4,12,4,0,32,0,1,False,8698,1058,1889,1361
17,isoko,1024,0.2,0.2,1,48,3,6.82,48.08,3,12,3,0,33,0,2,False,8978,874,3257,1669
17,fifo,1024,0.2,0.2,1,48,1,1.53,48.08,1,12,1,2,35,0,1,False,8539,644,3818,1328
17,edf,1024,0.2,0.2,1,48,2,5.29,48.08,2,12,1,2,34,0,1,False,8277,782,1527,1388
17,risk,1024,0.2,0.2,1,48,1,1.94,48.08,1,12,1,2,35,0,0,False,8400,782,2012,2197
17,density,1024,0.2,0.2,1,48,4,9.19,48.08,4,12,4,0,32,0,2,False,9522,1012,3258,1612
17,no_dependencies,1024,0.2,0.2,1,48,3,6.82,48.08,3,12,3,0,33,0,2,False,9247,874,3526,1669
17,no_fairness,1024,0.2,0.2,1,48,4,9.19,48.08,4,12,4,0,32,0,2,False,9283,966,2989,1640
18,isoko,1024,0.2,0.2,1,48,2,4.73,48.06,2,12,2,0,34,0,0,False,6248,828,1573,1362
18,fifo,1024,0.2,0.2,1,48,1,2.11,48.06,1,12,1,3,35,0,0,False,6542,736,664,1727
18,edf,1024,0.2,0.2,1,48,0,0,48.06,0,12,0,3,36,0,0,False,4375,460,295,0
18,risk,1024,0.2,0.2,1,48,3,5.24,48.06,1,12,1,1,33,0,0,False,6540,828,1081,1888
18,density,1024,0.2,0.2,1,48,4,8.85,48.06,4,12,3,0,32,0,1,False,7670,1058,1502,2111
18,no_dependencies,1024,0.2,0.2,1,48,2,4.73,48.06,2,12,2,0,34,0,0,False,6248,828,1573,1362
18,no_fairness,1024,0.2,0.2,1,48,2,4.73,48.06,2,12,2,0,34,0,0,False,6248,874,1369,1862
19,isoko,1024,0.2,0.2,1,48,5,10.85,44.5,5,12,5,0,31,0,1,False,8695,1242,1628,1611
19,fifo,1024,0.2,0.2,1,48,3,2.64,44.5,1,12,1,1,33,0,1,False,8468,736,2280,2061
19,edf,1024,0.2,0.2,1,48,2,3.54,44.5,2,12,2,1,34,0,1,False,7419,736,2128,1112
19,risk,1024,0.2,0.2,1,48,0,0,44.5,0,12,0,4,36,0,0,False,7058,460,2517,553
19,density,1024,0.2,0.2,1,48,4,9.03,44.5,4,12,3,1,32,0,2,False,8398,1104,1472,2139
19,no_dependencies,1024,0.2,0.2,1,48,3,6.68,44.5,3,12,3,1,33,0,1,False,7589,1104,1006,2167
19,no_fairness,1024,0.2,0.2,1,48,5,10.85,44.5,5,12,5,0,31,0,2,False,8972,1242,1489,2139
20,isoko,1024,0.2,0.2,1,48,5,9.879999999999999,43.78,5,12,5,0,31,0,3,False,9536,1334,1313,2448
20,fifo,1024,0.2,0.2,1,48,4,6.62,43.78,4,12,4,0,32,0,2,False,7869,966,1491,1641
20,edf,1024,0.2,0.2,1,48,2,2.96,43.78,2,12,2,0,34,0,1,False,7239,644,1984,835
20,risk,1024,0.2,0.2,1,48,3,4.8,43.78,1,12,1,0,33,0,1,False,7468,828,936,2930
20,density,1024,0.2,0.2,1,48,5,9.879999999999999,43.78,5,12,4,0,31,0,3,False,9533,1334,1312,3225
20,no_dependencies,1024,0.2,0.2,1,48,5,9.879999999999999,43.78,5,12,5,0,31,0,3,False,9536,1334,1313,2448
20,no_fairness,1024,0.2,0.2,1,48,5,9.879999999999999,43.78,5,12,4,0,31,0,3,False,9534,1334,1312,2976
1,isoko,4096,0.0,0.0,1,48,12,23.84,47.68,12,12,12,0,24,0,2,False,27136,4278,0,10730
1,fifo,4096,0.0,0.0,1,48,19,25.89,47.68,7,12,7,1,17,0,2,False,31513,4048,0,11009
1,edf,4096,0.0,0.0,1,48,18,24.64,47.68,8,12,8,0,18,0,3,False,29420,3588,0,7061
1,risk,4096,0.0,0.0,1,48,22,30.73,47.68,8,12,8,0,14,0,2,False,32463,4186,0,9752
1,density,4096,0.0,0.0,1,48,22,33.410000000000004,47.68,12,12,12,2,14,0,2,False,34801,5106,0,10795
1,no_dependencies,4096,0.0,0.0,1,48,20,31.150000000000002,47.68,12,12,12,3,16,0,2,False,34741,5060,0,11073
1,no_fairness,4096,0.0,0.0,1,48,12,23.84,47.68,12,12,12,0,24,0,2,False,27136,4278,0,10730
2,isoko,4096,0.0,0.0,1,48,18,29.76,48.06,12,12,12,0,18,0,3,False,30266,4278,0,9249
2,fifo,4096,0.0,0.0,1,48,20,25.44,48.06,7,12,7,0,16,0,5,False,36126,4232,0,15017
2,edf,4096,0.0,0.0,1,48,18,25.086,48.06,7,12,7,1,18,0,1,False,31184,3772,0,8198
2,risk,4096,0.0,0.0,1,48,22,33.22,48.06,8,12,8,0,14,0,3,False,34199,4186,0,10791
2,density,4096,0.0,0.0,1,48,16,28.44,48.06,12,12,12,4,20,0,3,False,34406,4922,0,13302
2,no_dependencies,4096,0.0,0.0,1,48,16,28.44,48.06,12,12,12,4,20,0,3,False,34741,4738,0,11576
2,no_fairness,4096,0.0,0.0,1,48,18,29.76,48.06,12,12,12,0,18,0,3,False,30313,4278,0,9663
3,isoko,4096,0.0,0.0,1,48,18,29.184,48.08,12,12,12,0,18,0,1,False,27758,4324,0,8443
3,fifo,4096,0.0,0.0,1,48,21,30.12,48.08,7,12,7,1,15,0,4,False,33548,4278,0,11374
3,edf,4096,0.0,0.0,1,48,21,27.796,48.08,9,12,9,0,15,0,4,False,33254,4048,0,7505
3,risk,4096,0.0,0.0,1,48,20,31.146,48.08,7,12,7,1,16,0,3,False,34746,4370,0,13364
3,density,4096,0.0,0.0,1,48,21,33.784,48.08,12,12,12,2,15,0,1,False,33889,4922,0,10053
3,no_dependencies,4096,0.0,0.0,1,48,21,33.784,48.08,12,12,12,2,15,0,1,False,33889,4922,0,10053
3,no_fairness,4096,0.0,0.0,1,48,18,29.136000000000003,48.08,12,12,12,0,18,0,1,False,27398,4324,0,8443
4,isoko,4096,0.0,0.0,1,48,14,24.61,45.84,12,12,12,0,22,0,3,False,25849,3956,0,9475
4,fifo,4096,0.0,0.0,1,48,21,26.418,45.84,8,12,8,0,15,0,4,False,31476,3956,0,9901
4,edf,4096,0.0,0.0,1,48,19,27.31,45.84,7,12,7,0,17,0,2,False,29588,3772,0,6850
4,risk,4096,0.0,0.0,1,48,17,22.048000000000002,45.84,6,12,6,0,19,0,2,False,29160,3634,0,11067
4,density,4096,0.0,0.0,1,48,16,25.198,45.84,11,12,11,4,20,0,2,False,31083,4462,0,9058
4,no_dependencies,4096,0.0,0.0,1,48,16,25.198,45.84,11,12,11,4,20,0,2,False,31083,4462,0,9058
4,no_fairness,4096,0.0,0.0,1,48,14,24.61,45.84,12,12,12,0,22,0,3,False,25849,3956,0,9475
5,isoko,4096,0.0,0.0,1,48,15,29.046,52.58,12,12,12,0,21,0,0,False,24657,3910,0,7751
5,fifo,4096,0.0,0.0,1,48,15,22.1,52.58,5,12,5,2,21,0,1,False,27093,3588,0,9908
5,edf,4096,0.0,0.0,1,48,18,26.12,52.58,6,12,6,2,18,0,2,False,26900,3404,0,4588
5,risk,4096,0.0,0.0,1,48,21,32.38,52.58,7,12,7,0,15,0,2,False,27805,3818,0,9305
5,density,4096,0.0,0.0,1,48,20,35.28,52.58,12,12,12,0,16,0,0,False,29171,4508,0,8767
5,no_dependencies,4096,0.0,0.0,1,48,20,35.28,52.58,12,12,12,0,16,0,0,False,29106,4462,0,8115
5,no_fairness,4096,0.0,0.0,1,48,15,29.046,52.58,12,12,12,0,21,0,0,False,24935,3956,0,8029
6,isoko,4096,0.0,0.0,1,48,14,24.626,48.160000000000004,11,12,11,0,22,0,2,False,25551,3910,0,8247
6,fifo,4096,0.0,0.0,1,48,13,19.400000000000002,48.160000000000004,5,12,5,2,23,0,1,False,27179,3358,0,8927
6,edf,4096,0.0,0.0,1,48,19,28.69,48.160000000000004,8,12,8,0,17,0,3,False,30108,3634,0,6068
6,risk,4096,0.0,0.0,1,48,15,22.240000000000002,48.160000000000004,5,12,5,1,21,0,1,False,27426,3358,0,7339
6,density,4096,0.0,0.0,1,48,18,30.146,48.160000000000004,11,12,11,1,18,0,2,False,29173,4416,0,8253
6,no_dependencies,4096,0.0,0.0,1,48,18,29.504,48.160000000000004,11,12,11,1,18,0,2,False,28901,4324,0,8031
6,no_fairness,4096,0.0,0.0,1,48,14,24.626,48.160000000000004,11,12,11,0,22,0,2,False,25551,3910,0,8247
7,isoko,4096,0.0,0.0,1,48,17,25.226000000000003,42.0,12,12,12,0,19,0,2,False,28563,4186,0,8467
7,fifo,4096,0.0,0.0,1,48,19,22.040000000000003,42.0,7,12,7,0,17,0,4,False,35750,4232,0,12337
7,edf,4096,0.0,0.0,1,48,24,27.2,42.0,8,12,8,1,12,0,3,False,33549,4186,0,7504
7,risk,4096,0.0,0.0,1,48,21,24.52,42.0,7,12,7,1,15,0,2,False,33437,4140,0,8752
7,density,4096,0.0,0.0,1,48,22,29.810000000000002,42.0,12,12,12,2,14,0,2,False,34703,4830,0,8791
7,no_dependencies,4096,0.0,0.0,1,48,20,27.7,42.0,12,12,12,3,16,0,2,False,34489,4738,0,8512
7,no_fairness,4096,0.0,0.0,1,48,17,25.766000000000002,42.0,12,12,12,0,19,0,2,False,29587,4186,0,8467
8,isoko,4096,0.0,0.0,1,48,16,26.542,45.32,12,12,12,0,20,0,2,False,28806,4416,0,10336
8,fifo,4096,0.0,0.0,1,48,20,26.53,45.32,8,12,8,1,16,0,5,False,37073,4554,0,14221
8,edf,4096,0.0,0.0,1,48,26,33.160000000000004,45.32,10,12,10,4,10,0,5,False,37776,4784,0,8084
8,risk,4096,0.0,0.0,1,48,26,34.91,45.32,10,12,10,0,10,0,4,False,37457,4968,0,12521
8,density,4096,0.0,0.0,1,48,21,31.382,45.32,12,12,12,3,15,0,2,False,35799,5152,0,11639
8,no_dependencies,4096,0.0,0.0,1,48,22,31.882,45.32,12,12,12,3,14,0,2,False,36412,5198,0,11656
8,no_fairness,4096,0.0,0.0,1,48,16,26.542,45.32,12,12,12,0,20,0,2,False,28806,4416,0,10336
9,isoko,4096,0.0,0.0,1,48,13,24.082,47.06,12,12,12,0,23,0,2,False,25447,4186,0,11207
9,fifo,4096,0.0,0.0,1,48,18,20.02,47.06,6,12,6,2,18,0,3,False,32709,4186,0,11625
9,edf,4096,0.0,0.0,1,48,18,21.84,47.06,6,12,6,0,18,0,3,False,32542,3956,0,10337
9,risk,4096,0.0,0.0,1,48,24,32.58,47.06,8,12,8,0,12,0,3,False,33931,4416,0,10294
9,density,4096,0.0,0.0,1,48,23,33.2,47.06,11,12,11,1,13,0,2,False,34625,5014,0,10780
9,no_dependencies,4096,0.0,0.0,1,48,22,32.372,47.06,11,12,11,1,14,0,2,False,34071,4968,0,10438
9,no_fairness,4096,0.0,0.0,1,48,13,24.082,47.06,12,12,12,0,23,0,2,False,25447,4186,0,11207
10,isoko,4096,0.0,0.0,1,48,18,26.826,43.46,12,12,12,0,18,0,2,False,27643,4232,0,8145
10,fifo,4096,0.0,0.0,1,48,21,25.66,43.46,7,12,7,0,15,0,4,False,32214,4140,0,10796
10,edf,4096,0.0,0.0,1,48,22,28.23,43.46,9,12,9,2,14,0,4,False,33543,4324,0,6794
10,risk,4096,0.0,0.0,1,48,18,21.82,43.46,6,12,6,2,18,0,3,False,30231,3772,0,10484
10,density,4096,0.0,0.0,1,48,21,29.55,43.46,11,12,11,2,15,0,1,False,30453,4462,0,7099
10,no_dependencies,4096,0.0,0.0,1,48,22,31.06,43.46,12,12,12,2,14,0,2,False,31857,4508,0,7457
10,no_fairness,4096,0.0,0.0,1,48,18,26.826,43.46,12,12,12,0,18,0,2,False,27643,4232,0,8145
11,isoko,4096,0.0,0.0,1,48,13,25.77,49.14,12,12,12,0,23,0,2,False,29366,4416,0,10059
11,fifo,4096,0.0,0.0,1,48,21,28.02,49.14,7,12,7,0,15,0,3,False,35628,4232,0,10204
11,edf,4096,0.0,0.0,1,48,19,26.93,49.14,8,12,8,2,17,0,4,False,36368,4324,0,9475
11,risk,4096,0.0,0.0,1,48,25,36.98,49.14,9,12,9,0,11,0,2,False,37566,5014,0,12130
11,density,4096,0.0,0.0,1,48,25,38.348,49.14,12,12,12,0,11,0,2,False,37132,5428,0,11176
11,no_dependencies,4096,0.0,0.0,1,48,24,36.896,49.14,12,12,12,0,12,0,2,False,37379,5336,0,11096
11,no_fairness,4096,0.0,0.0,1,48,13,25.77,49.14,12,12,12,0,23,0,2,False,29366,4416,0,10059
12,isoko,4096,0.0,0.0,1,48,15,28.124000000000002,50.84,11,12,11,0,21,0,3,False,27491,4094,0,9896
12,fifo,4096,0.0,0.0,1,48,21,30.72,50.84,7,12,7,0,15,0,3,False,34856,3956,0,11421
12,edf,4096,0.0,0.0,1,48,20,28.36,50.84,8,12,8,2,16,0,3,False,33332,3956,0,7638
12,risk,4096,0.0,0.0,1,48,24,36.4,50.84,8,12,8,1,12,0,3,False,35786,4554,0,10284
12,density,4096,0.0,0.0,1,48,24,37.454,50.84,11,12,11,2,12,0,3,False,35819,5198,0,10573
12,no_dependencies,4096,0.0,0.0,1,48,25,38.866,50.84,11,12,11,1,11,0,3,False,35605,5060,0,9227
12,no_fairness,4096,0.0,0.0,1,48,14,27.264,50.84,11,12,11,0,22,0,3,False,27472,4094,0,10146
13,isoko,4096,0.0,0.0,1,48,13,26.438000000000002,50.9,12,12,12,0,23,0,2,False,25390,4140,0,10146
13,fifo,4096,0.0,0.0,1,48,18,25.5,50.9,6,12,6,0,18,0,4,False,30215,3680,0,10737
13,edf,4096,0.0,0.0,1,48,16,24.21,50.9,6,12,6,1,20,0,3,False,28229,3358,0,7349
13,risk,4096,0.0,0.0,1,48,16,24.556,50.9,6,12,6,1,20,0,2,False,30366,3910,0,12552
13,density,4096,0.0,0.0,1,48,20,33.678000000000004,50.9,11,12,11,0,16,0,2,False,32413,4692,0,11090
13,no_dependencies,4096,0.0,0.0,1,48,21,35.848,50.9,12,12,12,0,15,0,3,False,33568,4830,0,10784
13,no_fairness,4096,0.0,0.0,1,48,12,24.268,50.9,11,12,11,0,24,0,2,False,24551,4002,0,10115
14,isoko,4096,0.0,0.0,1,48,17,28.98,48.7,11,12,11,0,19,0,2,False,24104,3772,0,7196
14,fifo,4096,0.0,0.0,1,48,17,23.154,48.7,6,12,6,0,19,0,2,False,25687,3266,0,9223
14,edf,4096,0.0,0.0,1,48,22,31.024,48.7,9,12,9,0,14,0,4,False,29269,3864,0,7262
14,risk,4096,0.0,0.0,1,48,20,29.538,48.7,7,12,7,0,16,0,1,False,26406,3450,0,6940
14,density,4096,0.0,0.0,1,48,19,30.332,48.7,11,12,11,1,17,0,2,False,28482,4278,0,8423
14,no_dependencies,4096,0.0,0.0,1,48,19,30.332,48.7,11,12,11,1,17,0,2,False,28273,4232,0,8214
14,no_fairness,4096,0.0,0.0,1,48,17,28.98,48.7,11,12,11,0,19,0,2,False,24104,3772,0,7196
15,isoko,4096,0.0,0.0,1,48,15,27.928,50.339999999999996,12,12,12,0,21,0,4,False,29325,4462,0,11645
15,fifo,4096,0.0,0.0,1,48,20,28.09,50.339999999999996,8,12,8,5,16,0,6,False,36551,4600,0,13158
15,edf,4096,0.0,0.0,1,48,27,38.135999999999996,50.339999999999996,10,12,10,0,9,0,5,False,36950,4922,0,10187
15,risk,4096,0.0,0.0,1,48,27,38.699999999999996,50.339999999999996,9,12,9,0,9,0,5,False,36534,4738,0,11291
15,density,4096,0.0,0.0,1,48,22,36.25,50.339999999999996,12,12,12,3,14,0,4,False,37315,5520,0,13419
15,no_dependencies,4096,0.0,0.0,1,48,21,34.257999999999996,50.339999999999996,12,12,12,3,15,0,4,False,37024,5474,0,13291
15,no_fairness,4096,0.0,0.0,1,48,15,27.928,50.339999999999996,12,12,12,0,21,0,4,False,29325,4462,0,11645
16,isoko,4096,0.0,0.0,1,48,13,22.548000000000002,47.28,10,12,10,0,23,0,1,False,24807,3588,0,7928
16,fifo,4096,0.0,0.0,1,48,14,17.978,47.28,5,12,5,1,22,0,2,False,25335,3128,0,8658
16,edf,4096,0.0,0.0,1,48,15,22.628,47.28,7,12,7,1,21,0,3,False,29319,3266,0,5817
16,risk,4096,0.0,0.0,1,48,15,24.08,47.28,5,12,5,1,21,0,2,False,27852,3266,0,8712
16,density,4096,0.0,0.0,1,48,18,28.618,47.28,10,12,10,0,18,0,1,False,28115,4048,0,8038
16,no_dependencies,4096,0.0,0.0,1,48,18,28.618,47.28,10,12,10,0,18,0,1,False,27950,4002,0,7354
16,no_fairness,4096,0.0,0.0,1,48,13,22.548000000000002,47.28,10,12,10,0,23,0,1,False,24807,3588,0,7928
17,isoko,4096,0.0,0.0,1,48,16,27.786,48.08,11,12,11,0,20,0,3,False,27279,4002,0,8686
17,fifo,4096,0.0,0.0,1,48,18,25.02,48.08,6,12,6,0,18,0,4,False,32957,3772,0,12554
17,edf,4096,0.0,0.0,1,48,21,28.98,48.08,7,12,7,1,15,0,5,False,33687,3542,0,5166
17,risk,4096,0.0,0.0,1,48,21,29.26,48.08,7,12,7,1,15,0,2,False,30869,3956,0,8965
17,density,4096,0.0,0.0,1,48,20,31.878,48.08,11,12,11,3,16,0,3,False,35801,4830,0,9612
17,no_dependencies,4096,0.0,0.0,1,48,20,31.878,48.08,11,12,11,3,16,0,3,False,35801,4830,0,9612
17,no_fairness,4096,0.0,0.0,1,48,16,27.786,48.08,11,12,11,0,20,0,3,False,27557,4048,0,8964
18,isoko,4096,0.0,0.0,1,48,13,22.872,48.06,10,12,10,0,23,0,1,False,23839,3588,0,7860
18,fifo,4096,0.0,0.0,1,48,15,19.419999999999998,48.06,5,12,5,0,21,0,2,False,28159,3266,0,9597
18,edf,4096,0.0,0.0,1,48,13,16.720000000000002,48.06,5,12,5,1,23,0,2,False,23840,2622,0,5155
18,risk,4096,0.0,0.0,1,48,15,20.6,48.06,5,12,5,1,21,0,0,False,24685,3128,0,8380
18,density,4096,0.0,0.0,1,48,15,24.47,48.06,9,12,9,1,21,0,0,False,27570,4094,0,9353
18,no_dependencies,4096,0.0,0.0,1,48,15,23.442,48.06,9,12,9,2,21,0,0,False,28599,4048,0,8798
18,no_fairness,4096,0.0,0.0,1,48,12,20.902,48.06,9,12,9,0,24,0,0,False,22722,3450,0,7551
19,isoko,4096,0.0,0.0,1,48,20,28.682,44.5,12,12,12,0,16,0,2,False,28528,4278,0,8199
19,fifo,4096,0.0,0.0,1,48,18,19.82,44.5,6,12,6,1,18,0,3,False,34012,4002,0,11588
19,edf,4096,0.0,0.0,1,48,16,19.68,44.5,6,12,6,4,20,0,2,False,31712,3680,0,5474
19,risk,4096,0.0,0.0,1,48,22,30.2,44.5,8,12,8,1,14,0,2,False,33997,4232,0,8965
19,density,4096,0.0,0.0,1,48,19,28.342,44.5,12,12,12,2,17,0,2,False,32845,4830,0,9615
19,no_dependencies,4096,0.0,0.0,1,48,19,26.636,44.5,11,12,11,2,17,0,1,False,32073,4738,0,9203
19,no_fairness,4096,0.0,0.0,1,48,20,28.682,44.5,12,12,12,0,16,0,2,False,28528,4278,0,8199
20,isoko,4096,0.0,0.0,1,48,20,28.262,43.78,12,12,12,0,16,0,0,False,25416,4002,0,6141
20,fifo,4096,0.0,0.0,1,48,19,23.09,43.78,7,12,7,2,17,0,2,False,28967,3910,0,8650
20,edf,4096,0.0,0.0,1,48,25,31.11,43.78,9,12,9,0,11,0,4,False,30883,4048,0,5599
20,risk,4096,0.0,0.0,1,48,20,26.004,43.78,8,12,8,1,16,0,3,False,27811,3910,0,9028
20,density,4096,0.0,0.0,1,48,21,30.25,43.78,12,12,12,1,15,0,0,False,29032,4462,0,7688
20,no_dependencies,4096,0.0,0.0,1,48,21,30.25,43.78,12,12,12,1,15,0,0,False,29058,4462,0,7370
20,no_fairness,4096,0.0,0.0,1,48,20,28.262,43.78,12,12,12,0,16,0,0,False,25416,4002,0,6141
1,isoko,4096,0.2,0.2,1,48,8,14.66,47.68,8,12,8,0,28,0,2,False,27525,3128,8073,7478
1,fifo,4096,0.2,0.2,1,48,10,13.84,47.68,4,12,4,5,26,0,1,False,32262,3082,8180,7543
1,edf,4096,0.2,0.2,1,48,7,10.408,47.68,4,12,4,6,29,0,0,False,29328,2576,7922,4308
1,risk,4096,0.2,0.2,1,48,6,10.17,47.68,3,12,3,11,30,0,0,False,30607,2944,8031,5776
1,density,4096,0.2,0.2,1,48,15,20.728,47.68,8,12,8,2,21,0,5,False,37087,3864,10783,8358
1,no_dependencies,4096,0.2,0.2,1,48,15,20.728,47.68,8,12,8,0,21,0,2,False,36067,3864,10440,8627
1,no_fairness,4096,0.2,0.2,1,48,8,14.66,47.68,8,12,8,0,28,0,2,False,27525,3128,8073,7478
2,isoko,4096,0.2,0.2,1,48,16,26.88,48.06,11,12,11,0,20,0,9,False,32567,3864,4956,10749
2,fifo,4096,0.2,0.2,1,48,17,22.02,48.06,6,12,5,2,19,0,6,False,36444,3542,4810,11434
2,edf,4096,0.2,0.2,1,48,12,17.272,48.06,5,12,5,3,24,0,3,False,31280,3082,4799,6359
2,risk,4096,0.2,0.2,1,48,17,27.292,48.06,8,12,8,2,19,0,6,False,35711,3726,6128,9872
2,density,4096,0.2,0.2,1,48,17,28.88,48.06,11,12,11,2,19,0,9,False,37926,4416,5865,13073
2,no_dependencies,4096,0.2,0.2,1,48,17,28.04,48.06,11,12,11,1,19,0,9,False,38200,4370,5404,12303
2,no_fairness,4096,0.2,0.2,1,48,16,26.88,48.06,11,12,11,0,20,0,9,False,32567,3864,4956,10749
3,isoko,4096,0.2,0.2,1,48,13,24.264,48.08,10,12,9,1,23,0,2,False,27952,3588,5321,7811
3,fifo,4096,0.2,0.2,1,48,17,24.84,48.08,7,12,7,0,19,0,4,False,34124,3496,8163,9011
3,edf,4096,0.2,0.2,1,48,10,16.288,48.08,5,12,4,5,26,0,3,False,29724,2622,6264,3584
3,risk,4096,0.2,0.2,1,48,16,26.816,48.08,6,12,6,3,20,0,2,False,34462,3404,8436,7268
3,density,4096,0.2,0.2,1,48,17,28.644,48.08,10,12,9,2,19,0,3,False,34000,4094,7074,8298
3,no_dependencies,4096,0.2,0.2,1,48,16,27.288,48.08,10,12,9,2,20,0,3,False,33558,4002,7324,7781
3,no_fairness,4096,0.2,0.2,1,48,13,24.264,48.08,10,12,9,1,23,0,2,False,27952,3588,5321,7811
4,isoko,4096,0.2,0.2,1,48,10,19.61,45.84,10,12,10,0,26,0,3,False,25407,3312,4773,8641
4,fifo,4096,0.2,0.2,1,48,12,15.718,45.84,5,12,5,5,24,0,2,False,29031,2990,4542,6298
4,edf,4096,0.2,0.2,1,48,14,21.234,45.84,5,12,5,2,22,0,1,False,27727,3036,4548,5094
4,risk,4096,0.2,0.2,1,48,15,19.78,45.84,5,12,5,0,21,0,2,False,29136,2990,5726,7651
4,density,4096,0.2,0.2,1,48,13,21.252,45.84,9,12,9,4,23,0,3,False,32128,3864,6730,7790
4,no_dependencies,4096,0.2,0.2,1,48,11,19.802,45.84,9,12,9,4,25,0,3,False,32010,3864,6351,8484
4,no_fairness,4096,0.2,0.2,1,48,10,19.61,45.84,10,12,10,0,26,0,3,False,25407,3312,4773,8641
5,isoko,4096,0.2,0.2,1,48,12,22.756,52.58,9,12,9,0,24,0,2,False,24957,3128,5338,5834
5,fifo,4096,0.2,0.2,1,48,14,20.462,52.58,5,12,5,2,22,0,2,False,28808,2898,6814,6362
5,edf,4096,0.2,0.2,1,48,14,20.462,52.58,5,12,5,4,22,0,2,False,27969,2898,5483,3101
5,risk,4096,0.2,0.2,1,48,16,25.606,52.58,6,12,6,2,20,0,2,False,28996,3266,5972,6621
5,density,4096,0.2,0.2,1,48,14,24.656,52.58,8,12,8,0,22,0,1,False,29185,3404,6945,6293
5,no_dependencies,4096,0.2,0.2,1,48,15,26.236,52.58,9,12,9,0,21,0,2,False,30252,3450,7178,6322
5,no_fairness,4096,0.2,0.2,1,48,12,22.756,52.58,9,12,9,0,24,0,2,False,24957,3128,5338,5834
6,isoko,4096,0.2,0.2,1,48,13,23.646,48.160000000000004,11,12,11,0,23,0,9,False,29103,3450,4981,7998
6,fifo,4096,0.2,0.2,1,48,14,20.740000000000002,48.160000000000004,6,12,6,1,22,0,6,False,29941,3128,3341,8766
6,edf,4096,0.2,0.2,1,48,16,25.658,48.160000000000004,8,12,7,0,20,0,5,False,32245,3266,5464,4626
6,risk,4096,0.2,0.2,1,48,13,19.97,48.160000000000004,5,12,5,1,23,0,4,False,30120,3220,3750,9181
6,density,4096,0.2,0.2,1,48,16,27.876,48.160000000000004,11,12,11,1,20,0,9,False,32995,3864,6136,8705
6,no_dependencies,4096,0.2,0.2,1,48,16,26.496000000000002,48.160000000000004,10,12,10,0,20,0,9,False,31805,3726,5903,8704
6,no_fairness,4096,0.2,0.2,1,48,13,23.646,48.160000000000004,11,12,11,0,23,0,9,False,29103,3450,4981,7998
7,isoko,4096,0.2,0.2,1,48,14,22.074,42.0,11,12,11,0,22,0,7,False,31472,3496,6138,8026
7,fifo,4096,0.2,0.2,1,48,10,11.604000000000001,42.0,5,12,5,3,26,0,3,False,32856,2944,8347,7584
7,edf,4096,0.2,0.2,1,48,14,16.056,42.0,6,12,6,2,22,0,3,False,33177,3266,7653,7413
7,risk,4096,0.2,0.2,1,48,14,19.114,42.0,5,12,4,3,22,0,4,False,34747,3174,9301,7820
7,density,4096,0.2,0.2,1,48,19,26.154,42.0,11,12,11,2,17,0,7,False,38268,4094,8447,8152
7,no_dependencies,4096,0.2,0.2,1,48,18,25.31,42.0,11,12,11,3,18,0,7,False,37683,4094,7937,8431
7,no_fairness,4096,0.2,0.2,1,48,14,22.074,42.0,11,12,11,0,22,0,7,False,31472,3496,6138,8026
8,isoko,4096,0.2,0.2,1,48,15,24.002,45.32,11,12,11,0,21,0,7,False,31361,4002,5757,10105
8,fifo,4096,0.2,0.2,1,48,11,12.870000000000001,45.32,5,12,5,5,25,0,5,False,36022,3450,6689,11162
8,edf,4096,0.2,0.2,1,48,19,22.97,45.32,7,12,7,5,17,0,5,False,35604,3772,4445,6466
8,risk,4096,0.2,0.2,1,48,18,23.966,45.32,7,12,6,2,18,0,5,False,36923,3910,6638,10090
8,density,4096,0.2,0.2,1,48,17,26.534,45.32,11,12,10,2,19,0,7,False,39099,4508,7339,11661
8,no_dependencies,4096,0.2,0.2,1,48,17,26.534,45.32,11,12,10,2,19,0,7,False,39332,4508,7565,10885
8,no_fairness,4096,0.2,0.2,1,48,15,24.002,45.32,11,12,11,0,21,0,7,False,31361,4002,5757,10105
9,isoko,4096,0.2,0.2,1,48,11,20.122,47.06,10,12,10,0,25,0,4,False,26006,3220,6741,8502
9,fifo,4096,0.2,0.2,1,48,15,17.392,47.06,6,12,5,3,21,0,6,False,35190,3496,8413,8398
9,edf,4096,0.2,0.2,1,48,12,14.462,47.06,5,12,4,4,24,0,5,False,34084,3266,8474,7379
9,risk,4096,0.2,0.2,1,48,17,23.86,47.06,7,12,7,2,19,0,8,False,35277,3634,6931,8597
9,density,4096,0.2,0.2,1,48,17,24.934,47.06,10,12,9,4,19,0,8,False,38409,4048,10606,8258
9,no_dependencies,4096,0.2,0.2,1,48,15,22.918,47.06,10,12,9,4,21,0,8,False,36512,4002,9963,8815
9,no_fairness,4096,0.2,0.2,1,48,11,20.122,47.06,10,12,10,0,25,0,4,False,26006,3220,6741,8502
10,isoko,4096,0.2,0.2,1,48,13,20.756,43.46,10,12,10,0,23,0,4,False,27781,3726,4755,8506
10,fifo,4096,0.2,0.2,1,48,11,14.59,43.46,5,12,5,5,25,0,3,False,30361,3404,4552,9224
10,edf,4096,0.2,0.2,1,48,11,15.176,43.46,6,12,6,5,25,0,4,False,32036,3358,6810,4947
10,risk,4096,0.2,0.2,1,48,13,16.66,43.46,5,12,5,3,23,0,4,False,30220,2990,6556,7595
10,density,4096,0.2,0.2,1,48,16,23.252,43.46,10,12,10,3,20,0,6,False,33743,4140,5955,8576
10,no_dependencies,4096,0.2,0.2,1,48,15,22.526,43.46,10,12,10,4,21,0,5,False,33627,4140,5365,8576
10,no_fairness,4096,0.2,0.2,1,48,13,20.756,43.46,10,12,10,0,23,0,4,False,27781,3726,4755,8506
11,isoko,4096,0.2,0.2,1,48,11,22.178,49.14,10,12,10,0,25,0,4,False,30244,3726,6287,9797
11,fifo,4096,0.2,0.2,1,48,11,15.01,49.14,5,12,5,3,25,0,3,False,32646,3082,5738,8000
11,edf,4096,0.2,0.2,1,48,9,12.83,49.14,5,12,5,4,27,0,2,False,33472,3082,6897,7341
11,risk,4096,0.2,0.2,1,48,17,27.63,49.14,9,12,9,3,19,0,7,False,39457,3864,8353,9351
11,density,4096,0.2,0.2,1,48,17,27.464000000000002,49.14,10,12,9,2,19,0,7,False,39148,4140,9563,9060
11,no_dependencies,4096,0.2,0.2,1,48,14,24.186,49.14,10,12,9,2,22,0,7,False,38412,4048,8761,9347
11,no_fairness,4096,0.2,0.2,1,48,11,22.178,49.14,10,12,10,0,25,0,4,False,30522,3772,6287,10075
12,isoko,4096,0.2,0.2,1,48,14,27.524,50.84,11,12,10,0,22,0,8,False,30403,3404,7432,8370
12,fifo,4096,0.2,0.2,1,48,14,21.82,50.84,6,12,6,1,22,0,2,False,34001,3036,7552,9304
12,edf,4096,0.2,0.2,1,48,13,19.094,50.84,6,12,6,3,23,0,2,False,31428,2898,7801,4095
12,risk,4096,0.2,0.2,1,48,20,32.382,50.84,9,12,9,2,16,0,5,False,37883,3680,8369,6862
12,density,4096,0.2,0.2,1,48,21,33.992000000000004,50.84,10,12,9,1,15,0,7,False,37534,4094,8498,7432
12,no_dependencies,4096,0.2,0.2,1,48,19,32.236000000000004,50.84,10,12,9,1,17,0,7,False,37276,4002,8535,7848
12,no_fairness,4096,0.2,0.2,1,48,14,27.524,50.84,11,12,10,0,22,0,8,False,30403,3404,7432,8370
13,isoko,4096,0.2,0.2,1,48,8,17.23,50.9,8,12,8,0,28,0,1,False,23065,3036,5350,7140
13,fifo,4096,0.2,0.2,1,48,8,14.090000000000002,50.9,4,12,4,4,28,0,1,False,25944,2484,4944,5396
13,edf,4096,0.2,0.2,1,48,5,8.850000000000001,50.9,3,12,3,4,31,0,1,False,23599,2116,5222,4382
13,risk,4096,0.2,0.2,1,48,10,17.038,50.9,5,12,5,1,26,0,2,False,27610,2944,5307,8450
13,density,4096,0.2,0.2,1,48,17,26.734,50.9,8,12,8,0,19,0,3,False,33030,3772,7402,8981
13,no_dependencies,4096,0.2,0.2,1,48,16,25.252000000000002,50.9,8,12,8,0,20,0,2,False,32169,3726,7749,8031
13,no_fairness,4096,0.2,0.2,1,48,8,17.23,50.9,8,12,8,0,28,0,1,False,23065,3036,5350,7140
14,isoko,4096,0.2,0.2,1,48,13,24.97,48.7,11,12,10,0,23,0,4,False,26414,3358,5774,7589
14,fifo,4096,0.2,0.2,1,48,13,19.05,48.7,5,12,5,1,23,0,2,False,26151,2530,6399,6246
14,edf,4096,0.2,0.2,1,48,14,20.03,48.7,6,12,6,3,22,0,2,False,26852,2760,6068,4041
14,risk,4096,0.2,0.2,1,48,14,22.372,48.7,6,12,6,1,22,0,4,False,26921,2806,5717,6293
14,density,4096,0.2,0.2,1,48,13,24.97,48.7,11,12,10,3,23,0,6,False,31757,3726,6877,8627
14,no_dependencies,4096,0.2,0.2,1,48,13,24.97,48.7,11,12,10,3,23,0,4,False,31593,3634,7776,7472
14,no_fairness,4096,0.2,0.2,1,48,13,24.97,48.7,11,12,10,0,23,0,4,False,26414,3358,5774,7589
15,isoko,4096,0.2,0.2,1,48,10,20.39,50.339999999999996,10,12,10,0,26,0,7,False,27958,3174,7612,8600
15,fifo,4096,0.2,0.2,1,48,10,14.286,50.339999999999996,5,12,4,7,26,0,5,False,31757,3036,7788,6737
15,edf,4096,0.2,0.2,1,48,14,19.536,50.339999999999996,7,12,6,7,22,0,5,False,33921,3404,7822,5444
15,risk,4096,0.2,0.2,1,48,16,22.509999999999998,50.339999999999996,6,12,5,5,20,0,6,False,36421,3450,9050,8578
15,density,4096,0.2,0.2,1,48,18,29.27,50.339999999999996,10,12,10,4,18,0,9,False,39822,4094,10555,8647
15,no_dependencies,4096,0.2,0.2,1,48,17,27.716,50.339999999999996,10,12,10,5,19,0,9,False,39886,4140,10107,8681
15,no_fairness,4096,0.2,0.2,1,48,10,20.39,50.339999999999996,10,12,10,0,26,0,7,False,27958,3174,7612,8600
16,isoko,4096,0.2,0.2,1,48,11,20.518,47.28,10,12,10,0,25,0,3,False,26216,3358,4396,7478
16,fifo,4096,0.2,0.2,1,48,10,13.07,47.28,4,12,4,3,26,0,1,False,26362,2622,6248,6397
16,edf,4096,0.2,0.2,1,48,9,14.76,47.28,5,12,5,1,27,0,2,False,26724,2300,6025,2487
16,risk,4096,0.2,0.2,1,48,9,16.19,47.28,4,12,4,3,27,0,0,False,26932,2576,7019,5873
16,density,4096,0.2,0.2,1,48,12,20.778,47.28,9,12,9,2,24,0,2,False,30788,3542,6815,7394
16,no_dependencies,4096,0.2,0.2,1,48,10,18.618,47.28,9,12,9,4,26,0,2,False,30623,3634,6303,7518
16,no_fairness,4096,0.2,0.2,1,48,11,20.518,47.28,10,12,10,0,25,0,3,False,26216,3358,4396,7478
17,isoko,4096,0.2,0.2,1,48,10,19.28,48.08,10,12,10,0,26,0,6,False,27978,3174,7209,7705
17,fifo,4096,0.2,0.2,1,48,9,14.58,48.08,5,12,4,5,27,0,6,False,33764,2944,7428,10236
17,edf,4096,0.2,0.2,1,48,7,12.112,48.08,4,12,3,7,29,0,3,False,31539,2576,7828,4634
17,risk,4096,0.2,0.2,1,48,9,13.722,48.08,4,12,4,5,27,0,3,False,31682,2898,9583,8140
17,density,4096,0.2,0.2,1,48,14,23.408,48.08,10,12,10,5,22,0,4,False,38753,4002,9825,7156
17,no_dependencies,4096,0.2,0.2,1,48,14,23.408,48.08,10,12,10,5,22,0,4,False,38753,4002,9825,7156
17,no_fairness,4096,0.2,0.2,1,48,10,19.28,48.08,10,12,10,0,26,0,6,False,27978,3174,7209,7705
18,isoko,4096,0.2,0.2,1,48,8,16.23,48.06,8,12,8,0,28,0,1,False,21842,2990,4060,8269
18,fifo,4096,0.2,0.2,1,48,4,5.27,48.06,2,12,2,6,32,0,2,False,24399,2070,4442,6062
18,edf,4096,0.2,0.2,1,48,3,4.636,48.06,2,12,2,5,33,0,0,False,21171,1702,5309,2850
18,risk,4096,0.2,0.2,1,48,10,14.64,48.06,4,12,4,5,26,0,1,False,26046,2944,3690,8945
18,density,4096,0.2,0.2,1,48,12,20.43,48.06,8,12,8,1,24,0,1,False,29199,3588,5189,8712
18,no_dependencies,4096,0.2,0.2,1,48,11,18.606,48.06,8,12,8,3,25,0,1,False,29240,3542,4916,7952
18,no_fairness,4096,0.2,0.2,1,48,8,16.23,48.06,8,12,8,0,28,0,1,False,21842,2990,4060,8269
19,isoko,4096,0.2,0.2,1,48,14,21.968,44.5,11,12,11,0,22,0,7,False,29044,3450,5929,7197
19,fifo,4096,0.2,0.2,1,48,9,10.59,44.5,5,12,5,4,27,0,1,False,32306,3128,6529,8595
19,edf,4096,0.2,0.2,1,48,15,19.578,44.5,7,12,6,2,21,0,4,False,32297,3220,6049,5215
19,risk,4096,0.2,0.2,1,48,14,21.701999999999998,44.5,8,12,7,4,22,0,7,False,35219,3404,7453,6978
19,density,4096,0.2,0.2,1,48,16,24.232,44.5,11,12,11,4,20,0,7,False,36245,4002,8586,7475
19,no_dependencies,4096,0.2,0.2,1,48,16,24.232,44.5,11,12,11,4,20,0,7,False,35865,4002,7315,7809
19,no_fairness,4096,0.2,0.2,1,48,14,21.968,44.5,11,12,11,0,22,0,6,False,28697,3496,5650,7197
20,isoko,4096,0.2,0.2,1,48,12,20.868,43.78,11,12,10,0,24,0,3,False,28489,3772,5453,9588
20,fifo,4096,0.2,0.2,1,48,15,22.378,43.78,9,12,8,1,21,0,6,False,32201,3542,6348,8322
20,edf,4096,0.2,0.2,1,48,13,18.2,43.78,7,12,7,4,23,0,2,False,29056,3036,6306,2758
20,risk,4096,0.2,0.2,1,48,11,16.1,43.78,6,12,6,4,25,0,3,False,27658,3312,3668,9681
20,density,4096,0.2,0.2,1,48,17,26.676,43.78,11,12,10,0,19,0,5,False,32309,4002,5782,9052
20,no_dependencies,4096,0.2,0.2,1,48,17,26.676,43.78,11,12,10,1,19,0,7,False,33094,4002,5579,9052
20,no_fairness,4096,0.2,0.2,1,48,12,20.868,43.78,11,12,10,0,24,0,3,False,28489,3772,5453,9588
